{"cameraMode":{"drawMode":0,"name":"Shaded","section":"Shading Mode"},"sceneLighting":false,"audioPlay":false,"sceneViewState":{"m_AlwaysRefresh":false,"showFog":true,"showSkybox":false,"showFlares":true,"showImageEffects":true,"showParticleSystems":true,"showVisualEffectGraphs":true,"m_FxEnabled":true},"in2DMode":false,"pivot":{"x":0.0821990966796875,"y":0.5348858833312988,"z":-1.6459369659423829},"rotation":{"x":-0.013865266926586628,"y":0.47158700227737429,"z":0.007348302751779556,"w":0.8817360997200012},"size":23.677125930786134,"orthographic":false}