{"cameraMode":{"drawMode":0,"name":"Shaded","section":"Shading Mode"},"sceneLighting":true,"audioPlay":false,"sceneViewState":{"m_AlwaysRefresh":false,"showFog":true,"showSkybox":true,"showFlares":true,"showImageEffects":true,"showParticleSystems":true,"showVisualEffectGraphs":true,"m_FxEnabled":true},"in2DMode":false,"pivot":{"x":3.2962496280670168,"y":-1.7583999633789063,"z":18.86821174621582},"rotation":{"x":-0.49105629324913027,"y":-0.006015448831021786,"z":0.003386148950085044,"w":-0.8711128234863281},"size":28.183027267456056,"orthographic":false}