{"cameraMode":{"drawMode":0,"name":"Shaded","section":"Shading Mode"},"sceneLighting":true,"audioPlay":false,"sceneViewState":{"m_AlwaysRefresh":false,"showFog":true,"showSkybox":true,"showFlares":true,"showImageEffects":true,"showParticleSystems":true,"showVisualEffectGraphs":true,"m_FxEnabled":true},"in2DMode":false,"pivot":{"x":3.1625192165374758,"y":1.3407649993896485,"z":5.723820686340332},"rotation":{"x":0.29067376255989077,"y":0.709193766117096,"z":-0.46292153000831606,"w":0.44528335332870486},"size":14.871933937072754,"orthographic":false}