{"cameraMode":{"drawMode":0,"name":"Shaded","section":"Shading Mode"},"sceneLighting":true,"audioPlay":false,"sceneViewState":{"m_AlwaysRefresh":false,"showFog":true,"showSkybox":true,"showFlares":true,"showImageEffects":true,"showParticleSystems":true,"showVisualEffectGraphs":true,"m_FxEnabled":true},"in2DMode":false,"pivot":{"x":0.6750679016113281,"y":1.1657087802886963,"z":0.47899675369262698},"rotation":{"x":0.03194385766983032,"y":0.9490684270858765,"z":-0.10223063826560974,"w":0.2963580787181854},"size":7.421205043792725,"orthographic":false}