{"cameraMode":{"drawMode":0,"name":"Shaded","section":"Shading Mode"},"sceneLighting":true,"audioPlay":false,"sceneViewState":{"m_AlwaysRefresh":false,"showFog":true,"showSkybox":true,"showFlares":true,"showImageEffects":true,"showParticleSystems":true,"showVisualEffectGraphs":true,"m_FxEnabled":true},"in2DMode":false,"pivot":{"x":0.9363419413566589,"y":3.116901159286499,"z":0.6870297193527222},"rotation":{"x":0.038429420441389087,"y":0.9614302515983582,"z":-0.1832137405872345,"w":0.20157447457313538},"size":1.6600894927978516,"orthographic":false}