{"cameraMode":{"drawMode":0,"name":"Shaded","section":"Shading Mode"},"sceneLighting":false,"audioPlay":false,"sceneViewState":{"m_AlwaysRefresh":false,"showFog":true,"showSkybox":false,"showFlares":true,"showImageEffects":true,"showParticleSystems":true,"showVisualEffectGraphs":true,"m_FxEnabled":true},"in2DMode":false,"pivot":{"x":0.00078582763671875,"y":39.35129165649414,"z":0.0002288818359375},"rotation":{"x":0.24516920745372773,"y":0.24598994851112367,"z":-0.06454957276582718,"w":0.9355846047401428},"size":123.91519927978516,"orthographic":false}