{"cameraMode":{"drawMode":0,"name":"Shaded","section":"Shading Mode"},"sceneLighting":false,"audioPlay":false,"sceneViewState":{"m_AlwaysRefresh":false,"showFog":true,"showSkybox":false,"showFlares":true,"showImageEffects":true,"showParticleSystems":true,"showVisualEffectGraphs":true,"m_FxEnabled":true},"in2DMode":false,"pivot":{"x":0.24555587768554688,"y":17.547405242919923,"z":0.36412811279296877},"rotation":{"x":0.3960441052913666,"y":0.022120749577879907,"z":-0.009635156020522118,"w":0.9179741740226746},"size":77.27410888671875,"orthographic":false}